country,#q3,#q4,q#5_min,q#5_max,q#5_avg,q#5_var,q#6_min,q#6_max,q#6_avg,q#6_var,q#7_min,q#7_max,q#7_avg,q#7_var,q#8_min,q#8_max,q#8_avg,q#8_var,q#9_min,q#9_max,q#9_avg,q#9_var,q#10_min,q#10_max,q#10_avg,q#10_var,q#11_min,q#11_max,q#11_avg,q#11_var,q#12_min,q#12_max,q#12_avg,q#12_var,q#13_min,q#13_max,q#13_avg,q#13_var,q#14_var,q#15_var,q#16_var,population,median_age,#aged_65_older,#aged_70_older,economic_performance,death_rates_due_to_heart_disease,diabetes_prevalance,#of_female_smokers,#of_male_smokers,handwashing_facilities,hospital_beds_per_thousand_people,life_expectancy,human_development_index
Afghanistan,57534.0,2533.0,0.5,1.53,1.03041994750656,0.07896929686420764,,,,,,,,,,,,,,,,,,,,,,,,,,,,,,,,,120000.0,,120000.0,38928341.0,18.6,2.581,1.337,1803.987,597.029,9.59,,,37.746,0.5,64.83,0.511
Africa,4396924.0,117059.0,,,,,,,,,,,,,,,,,,,,,,,,,,,,,,,,,,,,,9813682.0,4558429.0,14249700.0,1340598113.0,,,,,,,,,,,,
Albania,129128.0,2335.0,0.7,1.66,1.0615803108808282,0.030060613013929035,,,,,,,,,,,,,,,,,1.0,4562.0,1398.8686131386862,1612724.5387929503,8.0,574935.0,151692.3090024331,29176069608.892094,0.032,0.409,0.1905340050377834,0.006624481795282805,2.4,31.6,6.976574307304786,24.779929649136193,6073.0,655.0,304488.0,2877800.0,38.0,13.188,8.643,11803.431,304.195,10.08,7.1,51.2,,2.89,78.57,0.795
Algeria,119142.0,3144.0,0.73,2.0,1.039690721649485,0.05736321159327621,,,,,,,,,,,,,,,,,,,,,,,,,,,,,,,,,,,75000.0,43851043.0,29.1,6.211,3.857,13913.839,278.364,6.73,0.7,30.4,83.741,1.9,76.88,0.748
Andorra,12641.0,121.0,0.09,1.68,0.9582945736434104,0.1709183275093386,,,,,,,,,,,,,,,,,,,,,85772.0,173789.0,142609.83333333334,728821364.147058,0.064,0.157,0.09219999999999999,0.00045581818181818175,6.4,15.6,11.365,5.58108585858586,9781.0,4484.0,19064.0,77265.0,,,,,109.135,7.97,29.0,37.8,,,83.73,0.868
Angola,23951.0,557.0,0.85,1.33,1.0731596091205204,0.01704913457239573,,,,,,,,,,,,,,,,,,,,,,,,,,,,,,,,,245442.0,,245442.0,32866268.0,16.8,2.405,1.362,5819.495,276.045,3.94,,,26.664,,61.15,0.581
Anguilla,,,,,,,,,,,,,,,,,,,,,,,,,,,,,,,,,,,,,,,5835.0,,5835.0,15002.0,,,,,,,,,,,81.88,
Antigua and Barbuda,1209.0,31.0,0.34,1.32,0.7659090909090908,0.07795932164282418,,,,,,,,,,,,,,,,,,,,,,,,,,,,,,,,,27032.0,,27032.0,97928.0,32.1,6.933,4.631,21490.943,191.511,13.17,,,,3.8,77.02,0.778
Argentina,2629156.0,58925.0,0.86,2.16,1.1396915167095114,0.042855059231971866,,,,,,,,,,,,,,,,,1.0,62161.0,18487.24825986079,192670594.07078177,1.0,7968004.0,2468859.431554524,6017485142342.312,0.012,0.439,0.2180799999999998,0.012502526603773587,2.3,83.3,7.5202352941176525,110.15841032186458,5163344.0,771802.0,5935146.0,45195777.0,31.9,11.198,7.441,18933.907,191.032,5.5,16.2,27.7,,5.0,76.67,0.845
Armenia,206142.0,3817.0,0.63,1.6,1.085871794871795,0.059257721310394786,,,,,,,,,,,,,,,,,117.0,6354.0,2734.7676056338028,2027825.6973828804,211.0,920423.0,466274.47417840373,90767243242.76947,0.049,0.504,0.2046994949494949,0.013631127189617696,2.0,20.4,7.097222222222224,21.790498593530256,565.0,,565.0,2963234.0,35.7,11.232,7.571,8787.58,341.01,7.11,1.5,52.1,94.043,4.2,75.09,0.776
Asia,32605347.0,458325.0,,,,,,,,,,,,,,,,,,,,,,,,,,,,,,,,,,,,,155150723.0,39930448.0,392193127.0,4639847425.0,,,,,,,,,,,,
Australia,29484.0,910.0,0.38,2.44,1.027117794486216,0.17643564186849026,,,,,,,,,,,,,,,,,4357.0,101274.0,41520.1646090535,414451733.832296,143056.0,16264597.0,6628147.076124568,24654367733760.703,0.0,0.038,0.002036553524804179,2.496201112736323e-05,26.4,15342.2,2760.143342036555,6647541.089896653,159294.0,,1359665.0,25499881.0,37.9,15.504,10.129,44648.71,107.791,5.07,13.0,16.5,,3.84,83.44,0.944
Austria,586883.0,9813.0,0.44,3.13,1.1120698254364079,0.1652194551122195,6.0,709.0,222.29539295392954,42101.25761458699,52.0,3985.0,1032.7018970189702,1148365.682632262,,,,,,,,,2376.0,2945871.0,73838.28989361702,34023267756.478405,16834.0,27703138.0,4934482.925925926,47530811452001.914,0.004,0.247,0.05687313432835818,0.0043299913354575455,4.1,249.1,64.83171641791043,4007.8255446084195,1658035.0,676423.0,2334458.0,9006400.0,44.4,19.202,13.748,45436.686,145.183,6.35,28.4,30.9,,7.37,81.54,0.922
Azerbaijan,294211.0,4045.0,0.41,1.86,1.101644908616187,0.11113786310882674,,,,,,,,,,,,,,,,,,,,,,,,,,,,,,,,,837304.0,434487.0,1271791.0,10139175.0,32.4,6.018,3.871,15847.419,559.812,7.11,0.3,42.5,83.241,4.7,73.0,0.756
Bahamas,9505.0,190.0,0.17,2.27,1.008184615384616,0.15579391642924995,,,,,,,,,,,,,,,,,,,,,,,,,,,,,,,,,15000.0,,15000.0,393248.0,34.3,8.996,5.2,27717.847,235.954,13.17,3.1,20.4,,2.9,73.92,0.814
Bahrain,160934.0,574.0,0.85,1.5,1.0876441102756889,0.021349209707686313,,,,,,,,,,,,,,,,,232.0,23177.0,10009.022580645162,18308866.442854162,5334.0,3834581.0,1511896.4102564103,1230706316322.98,0.009,0.079,0.039737499999999974,0.00028479057017543854,12.6,110.9,31.95200000000003,329.7963368421053,582461.0,445862.0,1028323.0,1701583.0,32.4,2.372,1.387,43290.705,151.689,16.52,5.8,37.6,,2.0,77.29,0.852
Bangladesh,707362.0,10081.0,0.79,2.79,1.1218817204301075,0.12158081616091368,,,,,,,,,,,,,,,,,3.0,34968.0,12567.906633906634,42278143.98633519,108.0,5115138.0,1981934.1916461918,2318001643722.0537,0.009,0.243,0.12732581453634081,0.004394667447513251,4.1,113.1,12.93258145363409,177.9376795002582,5649563.0,522596.0,6172159.0,164689383.0,27.5,5.098,3.262,3523.984,298.003,8.38,1.0,44.7,34.808,0.8,72.59,0.632
Barbados,3753.0,44.0,0.45,1.21,0.8934420289855075,0.041811018445322846,,,,,,,,,,,,,,,,,,,,,,,,,,,,,,,,,66069.0,,66069.0,287371.0,39.8,14.952,9.473,16978.068,170.05,13.57,1.9,14.5,88.469,5.8,79.19,0.814
Belarus,340023.0,2393.0,0.66,2.66,1.0922691292876001,0.10791282684871073,,,,,,,,,,,,,,,,,1000.0,21452.0,9494.307692307691,20733282.295625944,5000.0,5608959.0,1714737.0780141845,2982473239449.373,0.001,0.122,0.05611442786069652,0.0011544856267291974,8.2,1424.2,42.089303482587056,9054.555471334104,92000.0,26100.0,66618.0,9449321.0,40.3,14.799,9.788,17167.967,443.129,5.18,10.5,46.1,,11.0,74.79,0.823
Belgium,939309.0,23636.0,0.62,2.77,1.1303722084367245,0.17079911484759797,23.0,1474.0,450.4145077720207,161472.6641006663,130.0,7461.0,2137.6968911917097,3550484.3052890114,,,,,65.379,5374.15,1243.8525535714284,1614647.7275466155,82.0,87170.0,28934.114634146343,400070703.4953841,82.0,11862987.0,4181889.487804878,12952132053654.273,0.009,0.327,0.08315346534653471,0.005863182345281677,3.1,111.1,26.718069306930747,702.1828240547381,2136300.0,680454.0,2816754.0,11589616.0,41.8,18.571,12.849,42658.576,114.898,4.29,25.1,31.4,,5.64,81.63,0.931
Belize,12529.0,318.0,0.47,1.4,0.9133200000000001,0.057496162248996105,,,,,,,,,,,,,,,,,,,,,,,,,,,,,,,,,29939.0,,29939.0,397621.0,25.0,3.853,2.279,7824.362,176.957,17.11,,,90.083,1.3,74.62,0.716
Benin,7611.0,95.0,0.84,1.13,0.9636656891495593,0.006215052613420724,,,,,,,,,,,,,,,,,,,,,,,,,,,,,,,,,,,,12123198.0,18.8,3.244,1.942,2064.236,235.848,0.99,0.6,12.3,11.035,0.5,61.77,0.545
Bermuda,,,,,,,,,,,,,,,,,,,,,,,,,,,,,,,,,,,,,,,25781.0,19980.0,45761.0,62273.0,,,,50669.315,139.547,13.0,,,,,82.59,
Bhutan,934.0,1.0,0.26,1.38,0.7657587548638135,0.06761045719844362,,,,,,,,,,,,,,,,,2.0,15058.0,1634.9337016574586,4820717.496977396,489.0,658583.0,194325.7741935484,38295056338.299255,0.0,0.012,0.0021675392670157086,5.404927787167966e-06,83.6,18720.3,2152.781791907514,15607875.398073306,477631.0,,477631.0,771612.0,28.6,4.885,2.977,8708.597,217.066,9.75,,,79.807,1.7,71.78,0.654
Bolivia,286114.0,12603.0,0.7,1.59,1.0933597883597883,0.06128868188006126,,,,,,,,,,,,,,,,,1.0,13347.0,2684.771978021978,5658900.336292495,26.0,1018003.0,318299.2955145119,72589315370.3992,0.06,0.636,0.29330769230769255,0.02545983824401823,1.6,16.8,4.841538461538467,8.94274312833697,333137.0,153217.0,486354.0,11673029.0,25.4,6.704,4.393,6885.829,204.299,6.89,,,25.383,1.1,71.51,0.718
Bosnia and Herzegovina,187715.0,7702.0,0.84,1.6,1.1363307493540054,0.041545569077934406,,,,,,,,,,,,,,,,,-75493.0,16699.0,2151.4154411764707,25157191.151495,3458.0,858968.0,314713.2944983819,60400685928.0072,0.011,0.742,0.17717567567567574,0.013304855233282056,1.3,87.4,11.952972972972976,233.63669845455232,,,15000.0,3280815.0,42.5,16.569,10.711,11713.895,329.635,10.08,30.2,47.7,97.164,3.5,77.4,0.78
Botswana,44075.0,671.0,0.8,1.34,1.0490624999999985,0.02779389155052269,,,,,,,,,,,,,,,,,,,,,,,,,,,,,,,,,31628.0,,31628.0,2351625.0,25.8,3.941,2.242,15807.374,237.372,4.81,5.7,34.4,,1.8,69.59,0.735
Brazil,13746681.0,365444.0,0.9,2.7,1.1724999999999997,0.10693930379746824,,,,,,,,,,,,,,,,,,,,,62985.0,6421441.0,3181556.8125,4240749099089.7627,,,,,,,,,24809790.0,8000733.0,32810523.0,212559409.0,33.5,8.552,5.06,14103.452,177.961,8.11,10.1,17.9,,2.2,75.88,0.765
Brunei,221.0,3.0,0.0,0.84,0.19968831168831164,0.08372750676406926,,,,,,,,,,,,,,,,,,,,,,,,,,,,,,,,,2323.0,,2323.0,437483.0,32.4,4.591,2.382,71809.251,201.285,12.79,2.0,30.9,,2.7,75.86,0.838
Bulgaria,382761.0,14979.0,0.61,1.81,1.116221079691517,0.06312563141017137,8.0,773.0,208.11813186813185,46112.89785214788,132.0,10521.0,2647.620879120879,7301275.343474706,,,,,,,,,295.0,20611.0,6429.42214532872,22089948.48089678,18502.0,2319263.0,786179.0625,400316386750.8297,0.012,0.406,0.12563911845730033,0.012952606973806386,2.5,85.0,17.604407713498627,227.9080468167359,496994.0,123381.0,620375.0,6948445.0,44.7,20.801,13.272,18563.307,424.688,5.81,30.1,44.4,,7.454,75.05,0.816
Burkina Faso,13064.0,154.0,0.71,1.47,1.0076623376623373,0.02649139610389614,,,,,,,,,,,,,,,,,,,,,,,,,,,,,,,,,,,,20903278.0,17.6,2.409,1.358,1703.102,269.048,2.42,1.6,23.9,11.877,0.4,61.58,0.452
Burundi,3424.0,6.0,0.6,1.28,0.9251495016611293,0.03999706090808413,,,,,,,,,,,,,,,,,,,,,,,,,,,,,,,,,,,,11890781.0,17.5,2.562,1.504,702.225,293.068,6.05,,,6.144,0.8,61.58,0.433
Cambodia,5218.0,36.0,0.02,1.73,0.5915789473684209,0.2156676850437438,,,,,,,,,,,,,,,,,,,,,,,,,,,,,,,,,1223322.0,285491.0,1508813.0,16718971.0,25.6,4.412,2.385,3645.07,270.892,4.0,2.0,33.7,66.229,0.8,69.82,0.594
Cameroon,61731.0,919.0,0.28,1.52,0.8431315789473692,0.11575507498958433,,,,,,,,,,,,,,,,,,,,,,,,,,,,,,,,,400.0,,400.0,26545864.0,18.8,3.165,1.919,3364.926,244.661,7.2,,,2.735,1.3,59.29,0.563
Canada,1104508.0,23482.0,0.72,2.85,1.1350251256281403,0.14081952077769203,0.0,928.0,372.9469696969697,74836.58199079405,4.0,4879.0,1795.0833333333333,1709314.0310126592,,,,,,,,,18.0,150904.0,72291.42647058824,1645023082.2894218,0.0,29497034.0,10321760.489208633,85074497302061.48,0.0,0.14,0.03600230414746544,0.000676658193292962,7.1,181.7,50.919025522041814,1886.6022883505107,8350721.0,854586.0,9205307.0,37742157.0,41.4,16.984,10.797,44017.591,105.599,7.37,12.0,16.6,,2.5,82.43,0.929
Cape Verde,19780.0,188.0,0.89,1.35,1.0720170454545448,0.012780820221445256,,,,,,,,,,,,,,,,,50.0,1393.0,425.45387453874537,48692.54508678417,,,,,0.071,0.216,0.14702484472049676,0.0008237743788819871,4.6,14.1,7.096273291925466,2.5006110248447233,2184.0,,2184.0,555988.0,25.7,4.46,3.437,6222.554,182.219,2.42,2.1,16.5,,2.1,72.98,0.665
Cayman Islands,,,,,,,,,,,,,,,,,,,,,,,,,,,,,,,,,,,,,,,33544.0,27093.0,60637.0,65720.0,,,,49903.029,,13.22,,,,,83.92,
Central African Republic,5682.0,75.0,0.15,1.77,0.606029411764706,0.12238625281971208,,,,,,,,,,,,,,,,,,,,,,,,,,,,,,,,,,,,4829764.0,18.3,3.655,2.251,661.24,435.727,6.1,,,16.603,1.0,53.28,0.397
Chad,4673.0,168.0,0.5,1.38,0.9710115606936414,0.04637955348915136,,,,,,,,,,,,,,,,,,,,,,,,,,,,,,,,,,,,16425859.0,16.7,2.486,1.446,1768.153,280.995,6.1,,,5.818,,54.24,0.398
Chile,1101698.0,24766.0,0.8,2.86,1.1280710659898472,0.09978049366450949,,,,,,,,,,,,,,,,,2759.0,79262.0,32507.54986522911,332785585.1184527,68353.0,12128654.0,4407771.607526882,12323767470268.816,0.043,0.364,0.1176092896174865,0.007461066105247403,2.7,23.3,12.121311475409838,33.93625690545702,7600908.0,5126051.0,12726959.0,19116209.0,35.4,11.087,6.938,22767.037,127.993,8.46,34.2,41.5,,2.11,80.18,0.851
China,102135.0,4845.0,0.19,3.45,1.0280536912751679,0.2537856652722181,,,,,,,,,,,,,,,,,,,,,90000000.0,160000000.0,125000000.0,2450000000000000.0,,,,,,,,,,,183536000.0,1439323774.0,38.7,10.641,5.929,15308.712,261.899,9.74,1.9,48.4,,4.34,76.91,0.761
Colombia,2602719.0,67199.0,0.68,2.23,1.1338107416879792,0.06091133844842294,,,,,,,,,,,,,,,,,10885.0,93133.0,41936.038095238095,264654593.78835306,343518.0,13577238.0,5996741.804416404,16625749970496.5,0.098,0.332,0.21737096774193526,0.003603994623655915,3.0,10.2,5.059032258064511,3.15090520931204,2340554.0,1009672.0,3350226.0,50882884.0,32.2,7.646,4.312,13254.949,124.24,7.44,4.7,13.5,65.386,1.71,77.29,0.767
Comoros,3809.0,146.0,0.58,1.29,0.8225471698113213,0.03419191417177548,,,,,,,,,,,,,,,,,,,,,,,,,,,,,,,,,,,,869595.0,20.4,2.963,1.726,1413.89,261.516,11.88,4.4,23.6,15.574,2.2,64.32,0.554
Congo,10084.0,139.0,0.28,0.94,0.56198347107438,0.041737491438747096,,,,,,,,,,,,,,,,,,,,,,,,,,,,,,,,,,,,5518092.0,19.0,3.402,2.063,4881.406,344.094,7.2,1.7,52.3,47.964,,64.57,0.574
Costa Rica,227533.0,3065.0,0.69,1.56,1.1135824742268052,0.037614264498255105,,,,,,,,,,,,,,,,,1.0,6308.0,1812.579207920792,1540549.4552489966,2.0,732282.0,244304.47524752477,50875884504.2649,0.022,0.426,0.22376381909547707,0.016571460450868956,2.3,45.5,8.224371859296486,69.50874960444533,354291.0,232508.0,586799.0,5094114.0,33.6,9.468,5.694,15524.995,137.973,8.78,6.4,17.4,83.841,1.13,80.28,0.81
Cote d'Ivoire,45444.0,273.0,0.63,1.47,1.0821204188481666,0.0408450983221338,,,,,,,,,,,,,,,,,68.0,5774.0,1549.9250720461096,1301872.0637337363,3658.0,556152.0,197523.4466292135,22560563390.591515,0.015,0.295,0.08419887955182068,0.0038016373021118603,3.4,65.2,19.638655462184886,195.32867009725229,87267.0,,87267.0,26378275.0,18.7,2.933,1.582,3601.006,303.74,2.42,,,19.351,,57.78,0.538
Croatia,300900.0,6442.0,0.13,3.35,1.1183846153846158,0.2698901858809572,,,,,4.0,2976.0,843.9859154929577,745602.1325694282,,,,,0.0,2361.091,612.9941764705882,450270.0656891081,8.0,12596.0,4037.323119777159,11870199.062899731,247.0,1663542.0,494294.2122015915,263617391019.46017,0.0,0.363,0.11797761194029872,0.009789677801764247,2.8,2797.2,97.5669154228856,130202.76456352918,500233.0,117283.0,617516.0,4105268.0,44.0,19.724,13.053,22669.797,253.782,5.59,34.3,39.9,,5.54,78.49,0.851
Cuba,90408.0,491.0,0.55,2.22,1.0949606299212602,0.06914769581433904,,,,,,,,,,,,,,,,,107.0,21799.0,8499.201030927836,40968429.54604546,518.0,3298208.0,961723.1670951156,884379334685.8871,0.001,0.077,0.018769633507853378,0.000299878550521499,13.0,1177.4,147.25863874345544,30730.780279506966,,,,11326616.0,43.1,14.738,9.719,,190.968,8.27,17.1,53.3,85.198,5.2,78.8,0.783
Cyprus,53944.0,283.0,0.61,1.85,1.1005440414507779,0.08366126169167618,0.0,39.0,9.798469387755102,118.72398742105537,0.0,222.0,60.63775510204081,4669.9400542825815,0.986,25.646,7.68853846153846,53.88015125506072,0.986,173.601,43.787571428571425,2377.460361303896,400.0,63207.0,11514.861618798956,240905381.1666644,5917.0,4416109.0,863192.4921875,1121809095613.18,0.0,0.06,0.013490716180371325,0.00024040483379423225,16.7,2130.5,313.0891246684349,133465.9229399233,130937.0,52288.0,183225.0,875899.0,37.3,13.416,8.563,32415.132,141.171,9.24,19.6,52.7,,3.4,80.98,0.887
Czechia,1593847.0,28229.0,0.64,2.49,1.120000000000001,0.1061215189873418,0.0,2064.0,515.885,363157.3351127819,0.0,9457.0,2924.6375,10217333.720394736,14.02,2987.196,921.7858181818181,979474.5540948922,8.011,14511.384,4927.206982142857,27910094.015908014,4537.0,341368.0,63513.23348017621,3944730216.9673705,,,,,0.023,0.321,0.14622171945701365,0.005735155162484566,3.1,43.5,10.072850678733033,72.04035047305636,1531506.0,822083.0,2353589.0,10708982.0,43.3,19.027,11.58,32605.906,227.485,6.82,30.5,38.3,,6.63,79.38,0.9
Democratic Republic of Congo,28769.0,745.0,0.93,1.28,1.0702387267904516,0.012569889666459756,,,,,,,,,,,,,,,,,36.0,1217.0,374.88235294117646,47081.0834634739,,,,,0.053,0.452,0.19481886792452838,0.008412876157804467,2.2,19.0,6.5909433962264155,12.246660091480834,,,,89561404.0,17.0,3.02,1.745,808.133,318.949,6.1,,,4.472,,60.68,0.48
Denmark,241023.0,2450.0,0.67,2.09,1.0792982456140354,0.06919146610244205,0.0,141.0,38.00934579439252,1529.7717873831773,9.0,964.0,232.21428571428572,63200.08789497103,,,,,0.995,993.757,218.99977586206901,59427.63266084363,1.0,208208.0,57322.90023752969,2982586761.8804994,1.0,24132941.0,6061670.356294537,45633521019654.09,0.001,0.195,0.018105651105651044,0.0008574986625676266,5.1,964.0,190.88648648648663,29536.67082678736,1007166.0,479185.0,1486351.0,5792203.0,42.3,19.677,12.325,46682.515,114.767,6.41,19.3,18.8,,2.5,80.9,0.94
Djibouti,10275.0,110.0,0.35,1.9,1.068729729729731,0.13205068556361257,,,,,,,,,,,,,,,,,,,,,,,,,,,,,,,,,,,,988002.0,25.4,4.213,2.38,2705.406,258.037,6.05,1.7,24.5,,1.4,67.11,0.524
Dominica,165.0,,0.09,0.3,0.16556701030927842,0.0023332689003436402,,,,,,,,,,,,,,,,,,,,,,,,,,,,,,,,,17775.0,337.0,18112.0,71991.0,,,,9673.367,227.376,11.62,,,,3.8,75.0,0.742
Dominican Republic,259639.0,3405.0,0.8,2.35,1.0802319587628881,0.05033560497083037,,,,,,,,,,,,,,,,,134.0,11329.0,3462.434017595308,3899715.0346041033,88.0,1357657.0,486883.8039215686,155135981002.46136,0.084,0.404,0.1982441558441559,0.004907096482683975,2.5,12.0,5.6696103896103915,3.626495941558442,909898.0,600000.0,1509898.0,10847904.0,27.6,6.981,4.419,14600.861,266.653,8.2,8.5,19.1,55.182,1.6,74.08,0.756
Ecuador,355431.0,17489.0,0.9,2.84,1.1071099744245523,0.07197854941307612,,,,,,,,,,,,,,,,,-3743.0,12181.0,2956.82722513089,4702385.366395951,480.0,1149227.0,439222.31782945734,124959163818.05669,0.17,0.407,0.2693990610328638,0.0028142220745858834,2.5,5.9,3.857276995305164,0.5644397200814969,274160.0,183300.0,457460.0,17643060.0,28.1,7.104,4.458,10581.936,140.448,5.55,2.0,12.3,80.635,1.5,77.01,0.759
Egypt,213798.0,12611.0,0.45,1.72,1.0770379746835428,0.05557166099081161,,,,,,,,,,,,,,,,,,,,,,,,,,,,,,,,,148987.0,,164534.0,102334403.0,25.3,5.159,2.891,10550.206,525.432,17.31,0.2,50.1,89.827,1.6,71.99,0.707
El Salvador,67099.0,2064.0,0.33,1.72,1.0382926829268284,0.05008647932131489,,,,,,,,,,,,,,,,,405.0,5498.0,2374.314207650273,210385.45990717877,405.0,868999.0,415049.1475409836,68927350891.17815,0.011,0.175,0.07393989071038255,0.0015449059660154198,5.7,90.4,19.365846994535527,221.26225503405914,200000.0,,410810.0,6486201.0,27.6,8.273,5.417,7292.458,167.295,8.87,2.5,18.8,90.65,1.3,73.32,0.673
Equatorial Guinea,7259.0,106.0,0.12,1.36,0.693135593220339,0.1204176189561626,,,,,,,,,,,,,,,,,,,,,,,,,,,,,,,,,11090.0,2990.0,14080.0,1402985.0,22.4,2.846,1.752,22604.873,202.812,7.78,,,24.64,2.1,58.74,0.592
Eritrea,3486.0,10.0,0.29,1.26,0.7680132450331132,0.12157743503993318,,,,,,,,,,,,,,,,,,,,,,,,,,,,,,,,,,,,3546427.0,19.3,3.607,2.171,1510.459,311.11,6.05,0.2,11.4,,0.7,66.32,0.459
Estonia,116200.0,1064.0,0.42,1.92,1.0884556962025302,0.0807689288697551,0.0,76.0,17.02970297029703,435.12566641279545,1.0,736.0,177.9456790123457,49382.62575479772,0.998,56.895,16.065619047619045,278.14000931475033,0.0,541.006,125.13213793103449,27534.590531910468,8.0,9448.0,2945.5386473429953,5160622.152255797,13.0,1219466.0,381639.09156626504,128076022116.01091,0.001,0.208,0.05846323529411762,0.003887050242087009,4.8,1053.4,107.74950980392154,31469.428157007267,263081.0,75841.0,338922.0,1326539.0,42.7,19.452,13.491,29481.252,255.569,4.02,24.5,39.3,,4.69,78.74,0.892
Eswatini,18412.0,670.0,0.53,1.75,0.9981896551724136,0.083973946636192,,,,,,,,,,,,,,,,,,,,,,,,,,,,,,,,,27601.0,,27601.0,1160164.0,21.5,3.163,1.845,7738.975,333.436,3.94,1.7,16.5,24.097,2.1,60.19,0.611
Ethiopia,236554.0,3285.0,0.22,2.29,1.0894444444444447,0.10709774063757327,,,,,,,,,,,,,,,,,61.0,25158.0,6486.023560209424,20666781.235663928,1.0,2478471.0,1121202.1593830334,681786183763.9382,0.0,0.257,0.08216326530612246,0.0037697430972388965,3.9,724.0,42.614871794871824,8912.824148441108,,,,114963583.0,19.8,3.526,2.063,1729.927,182.634,7.47,0.4,8.5,7.96,0.3,66.6,0.485
Europe,42628484.0,968845.0,,,,,,,,,,,,,,,,,,,,,,,,,,,,,,,,,,,,,124109904.0,45765678.0,170141659.0,748680069.0,,,,,,,,,,,,
European Union,28992762.0,655220.0,,,,,,,,,,,,,,,,,,,,,,,,,,,,,,,,,,,,,77333174.0,29187354.0,106520528.0,444919060.0,,,,,,,,,,,,
Faeroe Islands,,,,,,,,,,,,,,,,,,,,,,,,,,,,,,,,,,,,,,,9528.0,4777.0,14305.0,48865.0,,,,,,,,,,,80.67,
Falkland Islands,,,,,,,,,,,,,,,,,,,,,,,,,,,,,,,,,,,,,,,2605.0,1717.0,4322.0,3483.0,,,,,,,,,,,81.44,
Fiji,68.0,2.0,,,,,,,,,,,,,,,,,,,,,-357.0,674.0,110.93589743589743,15122.72899661967,3.0,41196.0,13168.479108635098,130527574.50724387,0.0,0.381,0.004106770833333316,0.00044207473210400305,2.6,1979.0,447.42799999999994,160674.40156781612,27705.0,,27705.0,896444.0,28.6,6.224,3.284,8702.975,412.82,14.49,10.2,34.8,,2.3,67.44,0.743
Finland,83253.0,885.0,0.64,1.55,1.0749494949494944,0.0429354404807569,0.0,83.0,26.595833333333335,525.145589260809,0.0,313.0,129.84583333333333,8246.415463737794,,,,,,,,,14.0,28826.0,10297.349514563106,53717103.556374416,9.0,4242517.0,1398531.3317191284,1729899783188.6692,0.001,0.118,0.021394088669950725,0.00032282702669829134,8.5,1443.8,151.82118226600997,45647.23026625311,1230792.0,109909.0,1340701.0,5540718.0,42.8,21.228,13.264,40585.721,153.507,5.76,18.3,22.6,,3.28,81.91,0.938
France,5248853.0,100232.0,0.62,3.06,1.1854523227383857,0.1908890718634641,1.0,7019.0,2409.1650246305417,3197817.718378641,1.0,33466.0,17258.11547911548,106614657.06791247,76.934,4037.019,1224.3305357142856,1059472.0951467261,508.17,20232.672,6934.19730357143,29960202.00087021,6512.0,739281.0,210998.68656716417,28778814453.611057,,,,,0.01,0.159,0.05768693009118541,0.0013337949810957076,6.3,100.0,30.648328267477208,686.0075657943509,11654420.0,4121706.0,15776126.0,68147687.0,42.0,19.718,13.079,38605.671,86.06,4.77,30.1,35.6,,5.98,82.66,0.901
Gabon,21566.0,132.0,0.82,1.54,1.1602770083102496,0.04087492305324725,,,,,,,,,,,,,,,,,,,,,,,,,,,,,,,,,3925.0,,3925.0,2225728.0,23.1,4.45,2.976,16562.413,259.967,7.2,,,,6.3,66.47,0.703
Gambia,5694.0,170.0,0.64,1.55,0.9436704119850188,0.07279700374531839,,,,,,,,,,,,,,,,,2.0,1301.0,202.343537414966,45095.14779085698,3.0,59489.0,19209.034013605444,298720772.9066889,0.0,0.51,0.07053684210526316,0.009523320538814058,2.0,297.7,50.70549450549447,3145.7490606363326,16735.0,,16735.0,2416664.0,17.5,2.339,1.417,1561.767,331.43,1.91,0.7,31.2,7.876,1.1,62.05,0.496
Georgia,292244.0,3908.0,0.63,2.36,1.0962796833773099,0.09768903268138097,,,,,,,,,,,,,,,,,,,,,,,,,,,,,,,,,24917.0,,24917.0,3989175.0,38.7,14.864,10.244,9745.079,496.218,7.11,5.3,55.5,,2.6,73.77,0.812
Germany,3110252.0,79672.0,0.64,3.12,1.1549509803921567,0.20416805655923306,200.0,5745.0,2096.721784776903,3059056.701339964,,,,,,,,,26.193,7606.033,2410.3141147540987,6045865.275418202,,,,,128008.0,52668054.0,20981994.87719298,286080377088527.8,0.006,0.154,0.05507017543859651,0.0017387449874686717,6.5,166.7,48.610526315789485,2416.4577443609014,15393858.0,5350247.0,20744105.0,83783945.0,46.6,21.453,15.957,45229.245,156.139,8.31,28.2,33.1,,8.0,81.33,0.947
Ghana,91545.0,766.0,0.82,1.58,1.1384856396866847,0.041050580290623556,,,,,,,,,,,,,,,,,206.0,12735.0,2755.5501618122976,2807216.4625730235,143.0,1039284.0,532439.7758112095,65955477038.68927,0.006,0.319,0.08437402597402596,0.0038473180735930784,3.1,166.1,22.38025974025973,514.1784113906937,755686.0,,755686.0,31072945.0,21.1,3.385,1.948,4227.63,298.245,4.97,0.3,7.7,41.047,0.9,64.07,0.611
Gibraltar,,,,,,,,,,,,,,,,,,,,,,,,,,,,,,,,,,,,,,,35825.0,30384.0,66209.0,33691.0,,,,,,,,,,,79.93,
Greece,308006.0,9239.0,0.69,1.57,1.1066666666666682,0.045351392405063244,,,,,,,,,1.945,348.13,92.10791228070174,11793.602204367167,7.779,3319.877,877.965530612245,1024966.5556036291,176.0,100543.0,19429.154285714285,331540171.8729758,570.0,7249251.0,2143183.2868632707,4453229733616.636,0.001,0.105,0.03328927680798004,0.0007586411097256847,9.5,768.2,93.45311720698255,16718.54469650875,1620067.0,767081.0,2387148.0,10423056.0,45.3,20.396,14.524,24574.382,175.695,4.55,35.3,52.0,,4.21,82.24,0.888
Greenland,,,,,,,,,,,,,,,,,,,,,,,,,,,,,,,,,,,,,,,5935.0,4297.0,10232.0,56772.0,,,,,199.941,2.16,,,,,71.7,
Grenada,155.0,1.0,0.0,0.22,0.03938596491228064,0.003689000155255398,,,,,,,,,,,,,,,,,,,,,,,,,,,,,,,,,9821.0,,9821.0,112519.0,29.4,7.304,5.021,13593.877,243.964,10.71,,,,3.7,72.4,0.779
Guatemala,208694.0,7120.0,0.91,1.56,1.104972826086954,0.02406484939580617,,,,,,,,,,,,,,,,,1.0,11478.0,2787.19315403423,5739028.362109882,1.0,1139962.0,372524.85574572126,119058386642.70695,0.033,0.513,0.1953188775510207,0.009054841791064252,1.9,30.2,6.565051020408165,15.935885419385164,149078.0,1820.0,150898.0,17915567.0,22.9,4.694,3.016,7423.808,155.898,10.18,,,76.665,0.6,74.3,0.663
Guernsey,,,,,,,,,,,,,,,,,,,,,,,,,,,,,,,,,,,,,,,29575.0,8254.0,37829.0,67052.0,,,,,,,,,,,,
Guinea,21299.0,136.0,1.0,1.3,1.0955882352941153,0.00579522945907585,,,,,,,,,,,,,,,,,,,,,,,,,,,,,,,,,,,79665.0,13132792.0,19.0,3.135,1.733,1998.926,336.717,2.42,,,17.45,0.3,61.6,0.477
Guinea-Bissau,3706.0,66.0,0.14,1.25,0.5992550143266466,0.11907473075783023,,,,,,,,,,,,,,,,,,,,,,,,,,,,,,,,,,,,1967998.0,19.4,3.002,1.565,1548.675,382.474,2.42,,,6.403,,58.32,0.48
Guyana,11527.0,263.0,0.51,1.39,1.032988165680473,0.04217947166962244,,,,,,,,,,,,,,,,,,,,,,,,,,,,,,,,,60172.0,,60172.0,786559.0,26.3,5.305,2.837,7435.047,373.159,11.62,,,77.159,1.6,69.91,0.682
Haiti,12857.0,252.0,0.91,1.43,1.081725146198831,0.020621355318893544,,,,,,,,,,,,,,,,,,,,,,,,,,,,,,,,,,,,11402533.0,24.3,4.8,2.954,1653.173,430.548,6.65,2.9,23.1,22.863,0.7,64.0,0.51
Honduras,198975.0,4929.0,0.97,1.47,1.105315789473686,0.01761124566032495,,,,,,,,,,,,,,,,,,,,,,,,,,,,,,,,,55000.0,2639.0,57639.0,9904608.0,24.9,4.652,2.883,4541.795,240.208,7.21,2.0,,84.169,0.7,75.27,0.634
Hong Kong,,,,,,,,,,,,,,,,,,,,,,,,,,,3610.0,11193673.0,3207578.9411764704,11754514236745.684,,,,,,,,,648896.0,332064.0,980960.0,7496988.0,44.8,16.303,10.158,56054.92,,8.33,,,,,84.86,0.949
Hungary,736982.0,24521.0,0.46,2.36,1.1291752577319578,0.11021172114334418,,,,,57.0,12553.0,3221.71875,11801941.877938023,,,,,,,,,39.0,42553.0,11315.802469135802,112326605.55494435,39.0,4582900.0,1280227.187654321,1735034575901.2812,0.001,0.354,0.09545363408521308,0.007722117819674818,2.8,1042.3,69.85238095238097,17410.965264417344,3090994.0,1325587.0,4416581.0,9660350.0,43.4,18.577,11.976,26777.561,278.296,7.55,26.8,34.8,,7.02,76.88,0.854
Iceland,6279.0,29.0,0.21,2.12,0.9565743073047858,0.1399134875200366,0.0,14.0,1.6952789699570816,9.161055202012735,0.0,80.0,14.94314381270903,399.1880316940135,,,,,0.937,49.669,7.9657500000000026,136.62674410869562,7.0,4525.0,783.2203389830509,461187.74502221524,23.0,323470.0,144853.7699757869,9779535859.59987,0.0,0.132,0.01697290640394083,0.0004541202517788727,7.6,3475.5,272.3562962962964,245892.18959515978,67158.0,28281.0,95439.0,341250.0,37.3,14.431,9.207,46482.958,117.992,5.31,14.3,15.2,,2.91,82.99,0.949
India,14291917.0,174308.0,0.86,2.22,1.179493670886077,0.09374542825933328,,,,,,,,,,,,,,,,,157.0,1492409.0,684347.488,174195452539.68375,6500.0,262003415.0,95442978.86458333,7507268642440262.0,0.016,0.132,0.05541071428571417,0.0008617362531969302,7.6,62.0,25.16887755102042,237.63330001565814,102349255.0,14874254.0,117223509.0,1380004385.0,28.2,5.989,3.414,6426.674,282.28,10.39,1.9,20.6,59.55,0.53,69.66,0.645
Indonesia,1589359.0,43073.0,0.85,2.12,1.1084771573604064,0.039517267924723216,,,,,,,,,,,,,,,,,25.0,87194.0,22517.593959731545,284171930.9355864,1230.0,9104944.0,2721932.4594594594,7403864132098.458,0.082,0.424,0.16464948453608244,0.003302068035909318,2.4,12.2,6.703350515463919,3.795001664935134,10457337.0,5550906.0,16008243.0,273523621.0,29.3,5.319,3.053,11188.744,342.864,6.32,2.8,76.1,64.204,1.04,71.72,0.718
International,721.0,15.0,,,,,,,,,,,,,,,,,,,,,,,,,,,,,,,,,,,,,,,,,,,,,,,,,,,,
Iran,2168872.0,65680.0,0.74,4.83,1.1314320388349515,0.22813833356955548,,,,,,,,,,,,,,,,,9135.0,92186.0,30982.55135135135,280886262.9878376,189790.0,13964570.0,4230187.421259843,12498825166554.643,0.075,0.326,0.14119836956521742,0.0036538324768984713,3.1,13.3,8.026902173913031,5.70447866070371,361951.0,100691.0,462642.0,83992953.0,32.4,5.44,3.182,19082.62,270.308,9.59,0.8,21.1,,1.5,76.68,0.783
Iraq,956860.0,14885.0,0.67,1.97,1.1206313131313137,0.05944896752333458,,,,,,,,,,,,,,,,,698.0,53021.0,21802.076124567473,171507911.202518,26331.0,8690527.0,2844811.5623003193,6154079681419.631,0.009,0.215,0.11282016348773842,0.004714530411995054,4.7,110.9,18.903269754768406,406.8113553997106,152962.0,,152962.0,40222503.0,20.0,3.186,1.957,15663.986,218.612,8.83,,,94.576,1.4,70.6,0.674
Ireland,242402.0,4820.0,0.44,2.87,1.0888354430379743,0.1880255439182679,4.0,221.0,62.951742627345844,3558.798740234659,6.0,2020.0,398.1725888324873,205871.26275816647,0.995,136.265,25.878509090909088,976.0491431063971,3.979,728.071,139.10420967741936,25954.09311636515,946.0,29972.0,10776.722646310433,39731334.9764501,6457.0,4241709.0,1559502.4568527918,1662418794052.9153,0.001,0.255,0.04832041343669244,0.002579757172885621,3.9,683.0,75.61679586563311,14363.0733700178,769721.0,325243.0,1094964.0,4937796.0,38.7,13.928,8.678,67335.293,126.459,3.28,23.0,25.7,,2.96,82.3,0.955
Isle of Man,,,,,,,,,,,,,,,,,,,,,,,,,,,,,,,,,,,,,,,48205.0,15469.0,63674.0,85032.0,,,,,,,,,,,81.4,
Israel,836902.0,6315.0,0.41,2.94,1.0847727272727268,0.2237034925201381,99.0,420.0,225.03813559322035,8204.487901190041,10.0,2390.0,914.9579207920792,344818.5416492646,5.0,1184.0,375.3859649122807,109350.45551378443,22.0,1985.0,763.859649122807,293337.4799498747,13.0,126327.0,37070.73871733967,960125497.3887123,29.0,15606781.0,4955457.1520190025,24491621324032.332,0.003,0.13,0.04605314009661838,0.0009788688399948527,7.7,347.9,48.631884057971035,3758.840627434465,5339078.0,4961423.0,10300501.0,8655541.0,30.6,11.733,7.359,33132.32,93.32,6.74,15.4,35.4,,2.99,82.97,0.919
Italy,3826156.0,115937.0,0.63,3.55,1.134048192771084,0.21335217158489037,26.0,4068.0,1618.0960591133005,1847336.2154412211,127.0,38507.0,15981.211822660098,157141820.547613,,,,,335.553,18463.511,5984.629879310342,28570786.21521133,-47510.0,378463.0,130289.82211538461,10688543718.888763,4324.0,54204890.0,16430667.086330935,235062381518883.5,0.004,0.268,0.06715121951219515,0.003926417174548269,3.7,272.2,57.17317073170728,5036.468227085693,10025605.0,4234230.0,14259835.0,60461828.0,47.9,23.021,16.24,35220.084,113.151,4.78,19.8,27.8,,3.18,83.51,0.892
Jamaica,43240.0,697.0,0.64,1.85,1.0905234159779622,0.05305801257172426,,,,,,,,,,,,,,,,,34.0,2976.0,639.4316239316239,174669.07041194383,148.0,310238.0,80837.5,4846907718.394265,0.006,0.29,0.10382105263157888,0.005886047049020964,3.5,159.3,28.036315789473676,1199.6941921955297,135473.0,,135473.0,2961161.0,31.4,9.684,6.39,8193.571,206.537,11.28,5.3,28.6,66.425,1.7,74.47,0.734
Japan,521796.0,9506.0,0.43,2.03,1.102589928057554,0.1017336607636967,,,,,,,,,,,,,,,,,4.0,103676.0,23411.475750577367,606957663.587952,4.0,10137169.0,2687051.722863741,8962830825094.055,0.007,0.204,0.05467832167832163,0.0013654617018495512,4.9,138.0,29.183682983682964,535.480106964687,1175324.0,678405.0,1853729.0,126476458.0,48.2,27.049,18.493,39002.223,79.37,5.72,11.2,33.7,,13.05,84.63,0.919
Jersey,,,,,,,,,,,,,,,,,,,,,,,,,,,,,,,,,,,,,,,45585.0,25274.0,70859.0,101073.0,,,,,,,,,,,,
Jordan,679138.0,8057.0,0.62,1.84,1.1203359173126621,0.09889859153043867,,,,,,,,,,,,,,,,,9583.0,54052.0,27505.807228915663,96939054.94443232,78885.0,6426320.0,3830362.4071856285,1739053827363.6501,0.039,0.247,0.12581250000000008,0.003632417452830184,4.0,25.4,10.754374999999996,42.27230778301887,543095.0,122131.0,665226.0,10203140.0,23.2,3.81,2.361,8337.49,208.257,11.75,,,,1.4,74.53,0.729
Kazakhstan,333046.0,3282.0,0.73,1.7,1.0779634464751964,0.032697935833116906,,,,,,,,,,,,,,,,,207.0,68801.0,23914.997442455242,176403932.53076255,126.0,9401901.0,3574216.812658228,7500780659116.213,0.005,0.228,0.03650765306122446,0.0013706393274701186,4.4,203.0,46.540051020408185,847.6383150869049,338582.0,105392.0,443974.0,18776707.0,30.6,6.991,4.625,24055.588,466.792,7.11,7.0,43.1,98.999,6.7,73.6,0.825
Kenya,149219.0,2424.0,0.62,1.56,1.0955851063829791,0.06110525673758868,,,,,,,,,,,,,,,,,21.0,19403.0,3249.715909090909,5238315.553116881,31.0,1564827.0,336887.5581395349,109084305601.74312,0.011,0.192,0.0676446991404012,0.0018847527088891069,5.2,94.8,23.1372492836676,291.1087234462998,569244.0,,569244.0,53771300.0,20.0,2.686,1.528,2993.028,218.637,2.92,1.2,20.4,24.651,1.4,66.7,0.601
Kosovo,99210.0,2030.0,0.95,1.38,1.1346825396825388,0.012026556776556802,,,,,,,,,,,,,,,,,,,,,,,,,,,,,,,,,10704.0,,10704.0,1932774.0,,,,9795.834,,,,,,,,
Kuwait,253066.0,1428.0,0.71,2.42,1.092354430379748,0.0693287065475808,,,,,,,,,,,,,,,,,1990.0,12279.0,5833.806547619048,7126597.004255508,227000.0,2187159.0,1006290.4065281899,316629870984.09924,0.037,0.263,0.13423333333333337,0.003053893718338401,3.8,26.8,9.475151515151515,30.040900432900408,500000.0,38000.0,604861.0,4270563.0,33.7,2.345,1.114,65530.537,132.235,15.84,2.7,37.0,,2.0,75.49,0.806
Kyrgyzstan,91144.0,1540.0,0.63,1.62,1.0529100529100521,0.05457241098620414,,,,,,,,,,,,,,,,,,,,,,,,,,,,,,,,,2100.0,,2100.0,6524191.0,26.3,4.489,2.882,3393.474,436.362,7.11,3.6,50.5,89.22,4.5,71.45,0.697
Laos,53.0,,,,,,,,,,,,,,,,,,,,,,,,,,,,,,,,,,,,,,40732.0,,40732.0,7275556.0,24.4,4.029,2.322,6397.36,368.111,4.0,7.3,51.2,49.839,1.5,67.92,0.613
Latvia,109731.0,2030.0,0.7,1.78,1.0942930591259659,0.05176631595685476,,,,,2.0,1224.0,251.3559870550162,153173.02870592187,0.989,161.165,66.37943243243242,3650.481081141141,,,,,10.0,24155.0,4950.424757281553,25125382.05515201,116.0,2039575.0,555455.1941747572,321422733115.7967,0.0,0.119,0.034170370370370365,0.0011229238723872383,8.4,5097.9,215.25580246913597,174273.67029421843,168473.0,27294.0,195767.0,1886202.0,43.9,19.754,14.136,25063.846,350.06,4.91,25.6,51.0,,5.57,75.29,0.866
Lebanon,504800.0,6809.0,0.73,1.62,1.1172588832487311,0.030821983699512993,,,,,,,,,,,,,,,,,,,,,,,,,,,,,,,,,198763.0,121860.0,320623.0,6825442.0,31.1,8.514,5.43,13367.565,266.591,12.71,26.9,40.7,,2.9,78.93,0.744
Lesotho,10709.0,315.0,0.27,1.57,0.9235971223021591,0.1303083136378984,,,,,,,,,,,,,,,,,,,,,,,,,,,,,,,,,,,,2142252.0,22.2,4.506,2.647,2851.153,405.126,3.94,0.4,53.9,2.117,,54.33,0.527
Liberia,2042.0,85.0,0.05,1.34,0.7234453781512608,0.13042882636200506,,,,,,,,,,,,,,,,,,,,,,,,,,,,,,,,,,,,5057677.0,19.2,3.057,1.756,752.788,272.509,2.42,1.5,18.1,1.188,0.8,64.1,0.48
Libya,170558.0,2873.0,0.93,1.38,1.1067812499999978,0.016339763910658257,,,,,,,,,,,,,,,,,1.0,7698.0,2364.2603174603173,3732855.2823374798,,,,,0.0,0.268,0.08956024096385541,0.006090829682365828,3.7,965.0,82.3153374233129,34648.164269484216,,,,6871287.0,29.0,4.424,2.816,17881.509,341.862,10.43,,,,3.7,72.91,0.724
Liechtenstein,2780.0,56.0,0.18,1.79,1.0131034482758619,0.1503331840573221,,,,,,,,,,,,,,,,,1.0,382.0,112.68098159509202,6722.310221802732,15.0,36734.0,14063.742331288344,118676672.6103256,0.0,0.219,0.06099999999999998,0.005283310769230769,4.6,1000.0,80.93099630996306,22310.64488752221,4484.0,2930.0,7414.0,38137.0,,,,,,7.77,,,,2.397,82.49,0.919
Lithuania,230462.0,3730.0,0.64,1.66,1.0839018087855303,0.05719639447858506,,,,,1.0,2571.0,1286.6440677966102,609200.778212372,8.769,128.608,70.1888,1118.1980236666666,0.974,779.443,234.1778958333333,63051.62583358467,114.0,18846.0,6545.473007712082,17272762.280841697,114.0,2546189.0,990875.3367609255,577919075182.5538,0.002,0.254,0.06314099216710188,0.004659084781211978,3.9,500.0,80.36527415143615,9731.269445408932,528668.0,199314.0,727982.0,2722291.0,43.5,19.002,13.778,29524.265,342.989,3.67,21.3,38.0,,6.56,75.93,0.882
Luxembourg,64549.0,785.0,0.55,2.62,1.1072704081632636,0.12196516454407855,0.0,50.0,15.517241379310345,210.82315879097482,0.0,247.0,92.22857142857143,4670.583035714287,,,,,,,,,1.0,16175.0,6177.9756690997565,21202570.79940655,2.0,2539169.0,933609.4057971014,657408778856.8375,0.001,0.216,0.031002506265664177,0.0011188065263661661,4.6,969.6,104.66842105263166,25460.029955038353,107163.0,40352.0,147515.0,625976.0,39.7,14.312,9.842,94277.965,128.275,4.42,20.9,26.0,,4.51,82.25,0.916
Macao,,,,,,,,,,,,,,,,,,,,,,,,,,,,,,,,,,,,,,,46732.0,24464.0,71196.0,649342.0,39.2,9.798,4.991,104861.851,,,,,,,84.24,
Madagascar,30207.0,527.0,0.25,1.8,0.8502452316076301,0.1402461145605338,,,,,,,,,,,,,,,,,42.0,1730.0,565.1511627906976,107628.67099863199,3065.0,154334.0,70798.45323741007,1863224993.5684497,0.0,0.547,0.1461788856304986,0.01482264143522512,1.8,197.5,13.551533742331289,435.4645976403964,,,,27691019.0,19.6,2.929,1.686,1416.44,405.994,3.94,,,50.54,0.2,67.04,0.528
Malawi,33902.0,1134.0,0.59,2.05,1.0727863777089786,0.1702387958387017,,,,,,,,,,,,,,,,,1.0,1995.0,304.83422459893046,71706.18204818586,18.0,223964.0,41772.36666666667,2099639464.5595534,0.003,0.377,0.08920855614973264,0.007436068988258234,2.7,329.0,35.58074866310158,2099.6452584192334,240744.0,,240744.0,19129955.0,18.1,2.979,1.783,1095.042,227.349,3.94,4.4,24.7,8.704,1.3,64.26,0.483
Malaysia,367977.0,1363.0,0.54,2.43,1.1168249999999993,0.1142242299498746,,,,,,,,,,,,,,,,,3.0,126964.0,21834.02380952381,377997533.9384235,653.0,8407970.0,2429434.9275,5471464316596.113,0.0,0.163,0.0354952380952381,0.0011288042732128648,6.1,1881.5,213.42554216867498,121265.40475664979,653531.0,425164.0,1078695.0,32365998.0,29.9,6.293,3.407,26808.164,260.942,16.74,1.0,42.4,,1.9,76.16,0.81
Maldives,25939.0,67.0,0.78,1.82,1.0664225352112684,0.03932078141163355,,,,,,,,,,,,,,,,,22.0,6659.0,1852.5537190082644,1732793.9107803311,221.0,687867.0,218234.6755319149,38755699072.518456,0.0,0.142,0.04391494845360822,0.0011101090266123213,7.0,1125.9,47.96236842105268,9565.348896750447,274782.0,28970.0,303752.0,540542.0,30.6,4.12,2.875,15183.616,164.905,9.19,2.1,55.0,95.803,,78.92,0.74
Mali,12706.0,421.0,0.76,1.45,1.0889344262295082,0.032096669660902674,,,,,,,,,,,,,,,,,,,,,,,,,,,,,,,,,26226.0,,26226.0,20250834.0,16.4,2.519,1.486,2014.306,268.024,2.42,1.6,23.0,52.232,0.1,59.31,0.434
Malta,29833.0,403.0,0.19,1.59,0.9640414507772023,0.08421531256308458,,,,,,,,,0.858,12.013,4.811357142857145,5.582454682539683,0.0,89.241,21.662824561403504,583.6380387543859,5.0,4760.0,2019.9014423076924,1260695.732431649,1.0,840325.0,304338.5059665871,68779609117.62859,0.0,0.077,0.02716749999999996,0.00041050570802004995,13.0,6062.9,258.8477386934671,487857.1013424801,183987.0,80671.0,264658.0,441539.0,42.4,19.426,11.324,36513.323,168.711,8.83,20.9,30.2,,4.485,82.53,0.895
Marshall Islands,4.0,,,,,,,,,,,,,,,,,,,,,,,,,,,,,,,,,,,,,,,,,59194.0,,,,3819.202,557.793,30.53,,,82.502,2.7,73.7,0.704
Mauritania,18072.0,452.0,0.65,1.82,1.0228267477203656,0.09286363147750022,,,,,,,,,,,,,,,,,1.0,1195.0,344.54411764705884,87790.10250219492,63.0,254282.0,58305.304,3504164698.035872,,,,,,,,,2930.0,,2930.0,4649660.0,20.3,3.138,1.792,3597.633,232.347,2.42,,,15.95,,64.92,0.546
Mauritius,1202.0,15.0,0.02,1.31,0.41637795275590556,0.1300810567757978,,,,,,,,,,,,,,,,,,,,,,,,,,,,,,,,,3843.0,,3843.0,1271767.0,37.4,10.945,5.884,20292.745,224.644,22.02,3.2,40.7,,3.4,74.99,0.804
Mexico,2295435.0,211213.0,0.85,1.92,1.1124552429667514,0.052858058889107606,,,,,,,,,,,,,,,,,25.0,48171.0,12586.246808510637,137458846.5146485,25.0,5915536.0,1847613.1425531914,3576499679996.8774,0.01,0.531,0.33621720430107555,0.025459760910270645,1.9,100.0,9.130967741935518,289.6552458286986,9702050.0,2954683.0,12473575.0,128932753.0,29.3,6.857,4.321,17336.469,152.783,13.06,6.9,21.4,87.847,1.38,75.05,0.779
Micronesia (country),1.0,,,,,,,,,,,,,,,,,,,,,,,,,,,,,,,,,,,,,,,,,115021.0,23.0,4.81,2.392,3299.464,454.343,12.02,,,,,67.88,0.62
Moldova,244177.0,5493.0,0.69,2.07,1.0877202072538854,0.041112711123073756,,,,,,,,,,,,,,,,,,,,,,,,,,,,,,,,,86016.0,,86016.0,4033963.0,37.6,10.864,6.955,5189.972,408.502,5.72,5.9,44.6,86.979,5.8,71.9,0.75
Monaco,2387.0,31.0,0.16,1.57,0.9763513513513518,0.11601918460833714,,,,,,,,,,,,,,,,,,,,,,,,,,,,,,,,,11715.0,8795.0,20510.0,39244.0,,,,,,5.46,,,,13.8,86.75,
Mongolia,18565.0,31.0,0.21,1.62,0.8453012048192765,0.20012347395624797,,,,,,,,,,,,,,,,,644.0,57833.0,15555.366906474821,98880653.958607,95082.0,2314818.0,1056720.4055944055,522052499310.5243,0.0,0.037,0.005424460431654681,6.359389010530706e-05,27.0,5979.6,728.0906474820142,794783.3350568246,,,630516.0,3278292.0,28.6,4.031,2.421,11840.846,460.043,4.82,5.5,46.5,71.18,7.0,69.87,0.737
Montenegro,95042.0,1412.0,-0.01,2.36,0.9215343915343908,0.19990108767350148,,,,,,,,,,,,,,,,,,,,,,,,,,,,,,,,,37199.0,12094.0,49293.0,628062.0,39.1,14.762,9.395,16409.288,387.305,10.08,44.0,47.9,,3.861,76.88,0.829
Montserrat,,,,,,,,,,,,,,,,,,,,,,,,,,,,,,,,,,,,,,,1266.0,276.0,1542.0,4999.0,,,,,,,,,,,74.16,
Morocco,504260.0,8927.0,0.75,1.91,1.0813953488372097,0.058672659356548904,,,,,,,,,,,,,,,,,1.0,25162.0,13822.479797979799,63246254.721109755,9.0,5623358.0,2450476.463414634,4020532372384.073,0.004,0.265,0.09097772277227709,0.004950939949143802,3.8,253.6,31.212128712871298,2364.9498029015053,4554000.0,4174449.0,8728449.0,36910558.0,29.6,6.769,4.209,7485.013,419.146,7.14,0.8,47.1,,1.1,76.68,0.686
Mozambique,69002.0,794.0,0.71,1.58,1.0709495548961425,0.03582171470962273,,,,,,,,,,,,,,,,,-87.0,5923.0,1313.712,858869.6280641715,205.0,499510.0,178949.30606860158,24862130890.932526,0.003,0.336,0.09664361702127656,0.006908891319148937,3.0,370.6,22.623936170212737,1159.2572921985832,57305.0,,57305.0,31255435.0,17.7,3.158,1.87,1136.103,329.942,3.3,5.1,29.1,12.227,0.7,60.85,0.456
Myanmar,142610.0,3206.0,0.39,2.21,0.9628133704735372,0.15804709077045181,,,,,,,,,,,,,,,,,63.0,83383.0,7817.50974025974,87387077.26700571,1183.0,2482290.0,676337.338607595,684019341745.4309,0.0,0.218,0.04130696202531648,0.002254778491058873,4.6,2531.5,285.9753164556962,222647.4459284711,1000000.0,40000.0,1040000.0,54409794.0,29.1,5.732,3.12,5591.597,202.104,4.61,6.3,35.2,79.287,0.9,67.13,0.583
Namibia,46185.0,596.0,0.78,1.6,1.0783904109589044,0.05130221131666902,,,,,,,,,,,,,,,,,15.0,2778.0,1118.5741324921137,411662.37186039996,306.0,366186.0,139301.95321637427,13450531516.80719,0.0,0.257,0.09373315363881406,0.00421796914110876,3.9,937.1,32.06566265060237,6509.816642157754,2526.0,,2526.0,2540916.0,22.0,3.552,2.085,9541.808,243.811,3.94,9.7,34.2,44.6,,63.71,0.646
Nepal,282054.0,3066.0,0.6,2.0,1.0939296187683285,0.10800568914956002,,,,,,,,,,,,,,,,,1.0,20118.0,5721.154613466334,18937987.406034924,3.0,2329547.0,1008522.9808153477,758579380071.5334,0.0,0.252,0.07403890160183066,0.005035867749249468,4.0,1179.5,45.41314432989692,11759.109878459743,,,1700000.0,29136808.0,25.0,5.809,3.212,2442.804,260.797,7.26,9.5,37.8,47.782,0.3,70.78,0.602
Netherlands,1402433.0,17063.0,0.62,2.87,1.122952853598016,0.1507328012542744,7.0,1424.0,414.53846153846155,119975.33869115949,1.0,3284.0,1083.1791044776119,622816.4865448315,1.969,738.25,172.44506896551724,25069.688714767097,4.922,3232.552,893.4865517241382,609461.1448984975,,,,,17080.0,8255915.0,3068283.596491228,7026874339700.317,0.006,0.292,0.09022807017543859,0.003848714912280701,3.4,166.7,27.53684210526315,1368.7395112781962,2957777.0,826135.0,3783912.0,17134873.0,43.2,18.779,11.881,48472.545,109.361,5.29,24.4,27.3,,3.32,82.28,0.944
New Zealand,2591.0,26.0,0.21,1.91,0.8962015503875976,0.08263760694059533,,,,,,,,,,,,,,,,,25.0,25005.0,4933.787878787879,14877633.681311587,225.0,1959282.0,795807.1126373627,355701311085.4446,0.0,0.04,0.0022599009900990106,3.3646924059651615e-05,24.9,27035.0,2155.206735751292,8082494.766032426,105391.0,30194.0,135585.0,4822233.0,37.9,15.322,9.72,36085.843,128.797,8.08,14.8,17.2,,2.61,82.29,0.931
Nicaragua,6778.0,180.0,0.07,1.52,0.7640729483282679,0.3312260434428048,,,,,,,,,,,,,,,,,,,,,,,,,,,,,,,,,,,,6624554.0,27.3,5.445,3.519,5321.444,137.016,11.47,,,,0.9,74.48,0.66
Niger,5113.0,190.0,0.42,1.57,0.8829866666666671,0.08082688484848491,,,,,,,,,,,,,,,,,,,,,,,,,,,,,,,,,,,,24206636.0,15.1,2.553,1.378,926.0,238.339,2.42,0.1,15.4,8.978,0.3,62.42,0.394
Nigeria,164080.0,2061.0,0.6,1.94,1.0481052631578942,0.06943070129148739,,,,,,,,,,,,,,,,,504.0,29602.0,4333.672839506173,19008722.904723566,5000.0,1838174.0,494455.84513274336,178089010308.37146,0.014,0.298,0.10369972451790649,0.004571354336940479,3.4,69.0,17.21763085399448,218.0539424379405,1051096.0,,1051096.0,206139587.0,18.1,2.751,1.447,5338.454,181.013,2.42,0.6,10.8,41.949,,54.69,0.539
North America,36412856.0,829178.0,,,,,,,,,,,,,,,,,,,,,,,,,,,,,,,,,,,,,146144916.0,83381517.0,223770190.0,592072204.0,,,,,,,,,,,,
North Macedonia,145001.0,4357.0,0.66,1.85,1.0909043927648565,0.04466368772676762,,,,,,,,,,,,,,,,,113.0,5569.0,1782.9868421052631,1263553.654179976,3126.0,680661.0,249631.2965879265,39915547398.798645,0.048,0.398,0.17179411764705896,0.009834850260211336,2.5,21.0,8.046256684491985,20.026621338762194,31460.0,,31460.0,2083380.0,39.1,13.26,8.16,13111.214,322.688,10.08,,,,4.28,75.8,0.774
Northern Cyprus,,,,,,,,,,,,,,,,,,,,,,,,,,,,,,,,,,,,,,,56516.0,48462.0,104978.0,,,,,,,,,,,,,
Norway,106224.0,707.0,0.6,3.06,1.0975682382134004,0.12298412157574394,,,,,0.0,325.0,97.31920903954803,6642.790168211134,0.0,77.77,11.846101694915252,226.98387592051435,0.0,290.879,62.56855932203388,4521.914106595557,12.0,37943.0,11851.819277108434,86316236.35131826,12.0,4918505.0,1609013.9831325302,2261912933493.055,0.002,0.095,0.020928921568627423,0.0003441005865491158,10.5,607.3,115.73750000000004,15413.992914619166,961631.0,298457.0,1260088.0,5421242.0,39.7,16.821,10.813,64800.057,114.316,5.31,19.6,20.7,,3.6,82.4,0.957
Oceania,41361.0,1020.0,,,,,,,,,,,,,,,,,,,,,,,,,,,,,,,,,,,,,295471.0,30194.0,1526036.0,42677809.0,,,,,,,,,,,,
Oman,176668.0,1821.0,0.63,1.56,1.1660835509138388,0.04253226525227944,,,,,,,,,,,,,,,,,1314.0,6173.0,3459.310344827586,788042.3932244405,,,,,0.28,0.361,0.33064705882352935,0.00027207294117646916,2.8,3.6,3.0333333333333354,0.026666666666666686,173789.0,19019.0,192808.0,5106622.0,30.7,2.355,1.53,37960.709,266.342,12.61,0.5,15.6,97.4,1.6,77.86,0.813
Pakistan,745182.0,15982.0,0.65,2.48,1.1147208121827414,0.07623363686855011,,,,,,,,,,,,,,,,,16.0,64685.0,26864.421195652172,179614348.54418164,471.0,10942771.0,3885041.601049869,10590466046138.494,0.015,0.256,0.07771573604060904,0.0030677714056909686,3.9,68.7,21.41116751269034,243.60099456219865,1300000.0,,800000.0,220892331.0,23.5,4.495,2.78,5034.708,423.031,8.35,2.8,36.7,59.607,0.6,67.27,0.557
Palestine,276407.0,2937.0,0.25,4.08,1.1190789473684217,0.23220680113873057,,,,,,,,,,,,,,,,,804.0,11118.0,5702.022026431718,4065706.357919771,,,,,0.093,0.317,0.18627411167512686,0.0044282816222935865,3.2,10.7,6.1192893401015205,4.838299492385788,131394.0,11748.0,143142.0,5101416.0,20.4,3.043,1.726,4449.898,265.91,10.59,,,,,74.05,0.708
Panama,359830.0,6183.0,0.71,2.25,1.0681538461538465,0.057387842594423526,,,,,,,,,,,,,,,,,31.0,19830.0,5658.421052631579,18522700.641364723,107.0,2258477.0,740210.536159601,531130491292.02435,0.038,0.414,0.18418987341772158,0.008649382638308807,2.4,26.5,7.491645569620251,24.968127995887677,354009.0,175008.0,550860.0,4314768.0,29.7,7.918,5.03,22267.037,128.346,8.33,2.4,9.9,,2.3,78.51,0.815
Papua New Guinea,9188.0,82.0,0.37,1.58,0.8080708661417323,0.1179255127447014,,,,,,,,,,,,,,,,,,,,,,,,,,,,,,,,,1081.0,,1081.0,8947027.0,22.6,3.808,2.142,3823.194,561.494,17.65,23.5,48.8,,,64.5,0.555
Paraguay,244528.0,5110.0,0.57,2.7,1.1330294906166227,0.08452386203119144,,,,,,,,,,,,,,,,,1.0,6664.0,2464.633416458853,2484702.6727805473,1.0,988318.0,328490.59600997507,85559542294.1764,0.008,0.446,0.182249370277078,0.013717223010966086,2.2,128.5,16.33753148614611,538.7760373253942,57327.0,9639.0,66966.0,7132530.0,26.5,6.378,3.833,8827.01,199.128,8.27,5.0,21.6,79.602,1.3,74.25,0.728
Peru,1667737.0,55812.0,0.91,1.91,1.1753571428571439,0.05926329923273657,,,,,,,,,,,,,,,,,1.0,23483.0,7312.100686498856,34836840.067820616,1.0,3195388.0,1006562.7963386727,954492429757.6766,0.0,0.377,0.17195359628770324,0.010155365283548263,2.7,50.0,8.655769230769227,43.319581093605244,669878.0,472346.0,1142224.0,32971846.0,29.1,7.151,4.455,12236.706,85.755,5.95,4.8,,,1.6,76.74,0.777
Philippines,904285.0,15594.0,0.84,2.39,1.1317215189873424,0.07069296793677302,,,,,,,,,,,,,,,,,344.0,58975.0,27394.95478723404,179570357.08861732,20276.0,10320779.0,4043183.824933687,10106048042851.777,0.024,0.241,0.07580810810810804,0.0016429955980370617,4.2,42.3,16.1362162162162,46.751855562879925,1093651.0,162065.0,1255716.0,109581085.0,25.2,4.803,2.661,7599.188,370.437,7.07,7.8,40.8,78.463,1.0,71.23,0.718
Poland,2642242.0,60612.0,0.71,2.5,1.1453924050632902,0.09682034055130763,,,,,1550.0,32260.0,9696.753581661891,73238140.19197705,,,,,,,,,-239172.0,327863.0,36278.21428571428,967916847.1258698,281787.0,13006467.0,4947860.673295454,12636140539683.248,0.013,0.503,0.15521449275362317,0.01942794223121,2.0,79.7,21.37913043478259,439.91834226491375,6236689.0,2248126.0,8484815.0,37846605.0,41.8,16.763,10.202,27216.445,227.331,5.91,23.3,33.1,,6.62,78.73,0.88
Portugal,829358.0,16933.0,0.47,3.24,1.088080808080808,0.17519985168137062,0.0,904.0,251.91959798994975,57652.67361998908,0.0,6869.0,1614.6381909547738,2810180.8007544028,,,,,9.904,882.415,282.4137419354839,54103.615211637225,40.0,77057.0,23583.699266503667,258181214.82355347,25.0,9645758.0,3486447.6097560977,8857139734250.9,0.01,0.204,0.06355831265508684,0.0028940631334641925,4.9,98.1,31.726799007444168,548.4344044047754,1712809.0,647033.0,2359842.0,10196707.0,46.2,21.502,14.924,27936.896,127.842,9.85,16.3,30.0,,3.39,82.05,0.864
Qatar,193952.0,357.0,0.46,2.84,1.0664070351758796,0.09126287672620022,,,,,,,,,,,,,,,,,172.0,10044.0,4584.339331619537,2349068.52888718,5309.0,1825071.0,805705.929113924,300344629697.4264,0.017,0.393,0.10954707379134856,0.009859707599833829,2.5,57.3,16.1145038167939,99.47828400062306,100000.0,,1183191.0,2881060.0,31.9,1.307,0.617,116935.6,176.69,16.52,0.8,26.9,,1.2,80.23,0.848
Romania,1020301.0,25800.0,0.8,2.3,1.1112911392405085,0.06378183126646529,6.0,1456.0,678.7267759562842,182430.15528108404,,,,,,,,,2.986,51112.807,11622.56384090909,208464736.11695978,276.0,60206.0,17274.090322580647,128173391.15039149,1921.0,7061866.0,2585733.254285714,5009194463824.055,0.016,0.298,0.1208346055979643,0.006448959819805785,3.4,61.0,14.875318066157782,166.0603331256165,2421982.0,1496942.0,3918924.0,19237682.0,43.0,17.85,11.69,23313.199,370.946,9.74,22.9,37.1,,6.892,76.05,0.828
Russia,4622464.0,102667.0,0.88,2.51,1.1210459183673454,0.12468969609582978,,,,,,,,,,,,,,,,,2243.0,648370.0,310165.2038567493,21084498484.715237,46414.0,125131312.0,50463201.41099476,1597707375467855.5,0.001,0.097,0.03358603491271822,0.000283393204488778,10.3,1796.6,59.13815461346631,23505.702365586025,9473241.0,5690858.0,15164099.0,145934460.0,39.6,14.178,9.393,24765.954,431.297,6.18,23.4,58.3,,8.05,72.58,0.824
Rwanda,23744.0,321.0,0.45,1.76,1.0654278074866308,0.08199324812547487,,,,,,,,,,,,,,,,,-1884.0,21919.0,3189.2278911564626,5139932.811369599,6507.0,1230808.0,463703.14906832296,121841588812.67548,0.001,0.06,0.015779291553133488,0.00016682273938744202,16.8,868.8,126.03651226158031,13921.971614031958,348926.0,,348926.0,12952209.0,20.3,2.974,1.642,1854.211,191.375,4.28,4.7,21.0,4.617,,69.02,0.543
Saint Helena,,,,,,,,,,,,,,,,,,,,,,,,,,,,,,,,,,,,,,,3546.0,107.0,3653.0,6071.0,,,,,,,,,,,80.56,
Saint Kitts and Nevis,44.0,,,,,,,,,,,,,,,,,,,,,,,,,,,,,,,,,,,,,,10456.0,,10456.0,53192.0,,,,24654.385,,12.84,,,,2.3,76.23,0.779
Saint Lucia,4355.0,64.0,0.72,1.51,1.0175624999999997,0.07666886399371059,,,,,,,,,,,,,,,,,,,,,,,,,,,,,,,,,20247.0,,23345.0,183629.0,34.9,9.721,6.405,12951.839,204.62,11.62,,,87.202,1.3,76.2,0.759
Saint Vincent and the Grenadines,1818.0,10.0,0.69,1.29,0.9719491525423725,0.027373091409532094,,,,,,,,,,,,,,,,,,,,,,,,,,,,,,,,,,,12124.0,110947.0,31.8,7.724,4.832,10727.146,252.675,11.62,,,,2.6,72.53,0.738
Samoa,3.0,,,,,,,,,,,,,,,,,,,,,,,,,,,,,,,,,,,,,,,,,198410.0,22.0,5.606,3.564,6021.557,348.977,9.21,16.7,38.1,,,73.32,0.715
San Marino,5010.0,86.0,0.06,1.4,0.7888071065989846,0.1629784716033118,,,,,,,,,,,,,,,,,,,,,,,,,,,,,,,,,10437.0,8398.0,18835.0,33938.0,,,,56861.47,,5.64,,,,3.8,84.97,
Sao Tome and Principe,2271.0,35.0,0.34,1.3,0.7012536443148684,0.07108702027176789,,,,,,,,,,,,,,,,,,,,,,,,,,,,,,,,,9724.0,,9724.0,219161.0,18.7,2.886,2.162,3052.714,270.113,2.42,,,41.34,2.9,70.39,0.625
Saudi Arabia,402142.0,6791.0,0.77,2.41,1.084481012658227,0.08995118935937804,,,,,,,,,,,,,,,,,160.0,73912.0,39165.9217603912,360488907.0428833,160.0,16018862.0,6596821.550122249,26757535468057.445,0.001,0.194,0.035624378109452716,0.0021934969603354787,5.2,706.7,105.35746268656706,9195.861502772921,,,6690308.0,34813867.0,31.9,3.295,1.845,49045.411,259.538,17.72,1.8,25.4,,2.7,75.13,0.854
Senegal,39606.0,1085.0,0.69,1.96,1.0434986945169715,0.06382542342761063,,,,,,,,,,,,,,,,,1.0,3029.0,1151.679706601467,375564.0074548153,1.0,471037.0,186002.782396088,19987185019.940285,0.0,0.571,0.08290123456790119,0.0028017575479770186,1.8,78.0,18.95310173697271,268.6545363751961,376974.0,,376974.0,16743930.0,18.7,3.008,1.796,2470.58,241.219,2.42,0.4,16.6,20.859,,67.94,0.512
Serbia,654870.0,5881.0,0.59,2.13,1.117025641025641,0.12565951090897098,,,,,,,,,,,,,,,,,1.0,22837.0,8851.757281553399,28753484.028535623,16.0,3646957.0,1311806.193236715,1244612177316.0066,0.008,0.442,0.14073067331670808,0.014563082281795503,2.3,124.9,28.0930174563591,1016.7858511221955,1807404.0,1212997.0,3020401.0,6804596.0,41.2,17.366,,14048.881,439.415,10.08,37.7,40.2,97.719,5.609,76.0,0.806
Seychelles,4765.0,25.0,0.1,1.39,0.5822382671480142,0.19337758070423286,,,,,,,,,,,,,,,,,,,,,,,,,,,,,,,,,66250.0,45944.0,112194.0,98340.0,36.2,8.606,5.586,26382.287,242.648,10.55,7.1,35.7,,3.6,73.4,0.796
Sierra Leone,4016.0,79.0,0.68,1.4,0.9950857142857154,0.03284626770364303,,,,,,,,,,,,,,,,,,,,,,,,,,,,,,,,,41543.0,876.0,42419.0,7976985.0,19.1,2.538,1.285,1390.3,325.721,2.42,8.8,41.3,19.275,,54.7,0.452
Singapore,60735.0,30.0,0.47,2.16,1.0307334963325179,0.11138720576250055,,,,,,,,,,,,,,,,,,,,,72680.0,9036706.0,3378572.2884615385,7250817493839.27,0.0,0.3,0.021809523809523876,0.0024805478865703584,3.3,6718.3,1628.638935574229,2785452.850474145,1131658.0,535864.0,1667522.0,5850343.0,42.4,12.922,7.049,85535.383,92.243,10.99,5.2,28.3,,2.4,83.62,0.938
Slovakia,373950.0,10877.0,0.52,1.66,1.1065217391304352,0.07047453734671129,,,,,0.0,3836.0,1308.6882352941177,2018521.2594482033,,,,,,,,,24.0,782536.0,73869.04679802955,21342632964.899044,378.0,29990833.0,4249641.960591133,58251067224456.67,0.0,0.178,0.04233000000000002,0.0018805324310776945,5.6,1000.0,125.3799492385786,57808.71621272012,910016.0,331871.0,1241887.0,5459643.0,41.2,15.07,9.167,30155.152,287.959,7.29,23.1,37.7,,5.82,77.54,0.86
Slovenia,229967.0,4142.0,0.37,1.85,1.1011616161616151,0.09990649533307774,0.0,212.0,72.1304347826087,6200.262430323304,5.0,1324.0,424.0076726342711,237281.06404354388,0.0,138.869,43.573750000000004,2378.4379627000003,0.0,899.674,272.90269642857146,98637.66037410618,2.0,8063.0,2669.285035629454,4827686.732846963,2.0,1123769.0,370668.77672209026,123236252106.76428,0.0,0.324,0.1171132530120481,0.01236516347127642,3.1,1000.0,89.2456790123456,42648.90466568878,360450.0,136582.0,497032.0,2078932.0,44.5,19.062,12.93,31400.84,153.493,7.25,20.1,25.0,,4.5,81.32,0.917
Solomon Islands,19.0,,,,,,,,,,,,,,,,,,,,,,,,,,,,,,,,,,,,,,2000.0,,2000.0,686878.0,20.8,3.507,2.043,2205.923,459.78,18.68,,,35.89,1.4,73.0,0.567
Somalia,12837.0,656.0,0.41,1.38,0.7917451523545704,0.07114889042782392,,,,,,,,,,,,,,,,,,,,,,,,,,,,,,,,,,,,15893219.0,16.8,2.731,1.496,,365.769,6.05,,,9.831,0.9,57.4,
South Africa,1562931.0,53571.0,0.5,2.78,1.0895140664961636,0.11841489146829313,,,,,,,,,,,,,,,,,4.0,77167.0,25778.290076335878,230261396.1707432,42.0,10259664.0,4237901.113580246,10715582880164.705,0.015,0.326,0.11651243781094518,0.006884913810002358,3.1,65.2,14.980348258706476,137.43609663651796,292623.0,292623.0,292623.0,59308690.0,27.3,5.344,3.053,12294.876,200.38,5.52,8.1,33.2,43.993,2.32,64.13,0.709
South America,22990913.0,611375.0,,,,,,,,,,,,,,,,,,,,,,,,,,,,,,,,,,,,,42592096.0,15981680.0,58573776.0,430759772.0,,,,,,,,,,,,
South Korea,112789.0,1790.0,0.24,5.76,1.0881339712918663,0.3210948309295148,,,,,,,,,,,,,,,,,5.0,67176.0,18357.76762402089,257861730.91706425,11.0,8220905.0,2527979.796116505,4934442355042.17,0.001,0.049,0.01245945945945943,9.061009090354465e-05,20.5,1876.5,167.82139639639632,49029.82800617209,1379653.0,60571.0,1440224.0,51269183.0,43.4,13.914,8.622,35938.374,85.998,6.8,6.2,40.9,,12.27,83.03,0.916
South Sudan,10416.0,114.0,0.66,1.09,0.8819705882352946,0.013445957834461215,,,,,,,,,,,,,,,,,116.0,7340.0,688.6142857142858,719386.0084886126,19433.0,141630.0,77225.03361344538,1443931889.1853008,0.001,0.242,0.0529910714285714,0.003762268978219089,4.1,761.4,51.587946428571456,4152.7562217729,947.0,,947.0,11193729.0,19.2,3.441,2.032,1569.888,280.775,10.43,,,,,57.85,0.433
Spain,3396685.0,76882.0,0.57,3.24,1.187199017199017,0.22324238147686398,522.0,4894.0,2423.8716216216217,1171497.9902095974,4636.0,32023.0,14715.628378378378,44088260.670481674,2.963,2793.476,480.863564516129,325781.93191975827,18.768,30642.299,5313.795838709676,35196706.613086335,,,,,930230.0,37755805.0,14934485.25,145853880312705.3,0.001,0.429,0.07368587896253609,0.0028326149156269265,2.3,767.9,28.529106628242086,2369.2818382169203,8631548.0,3253537.0,11885085.0,46754783.0,45.5,19.436,13.799,34272.36,99.403,7.17,27.4,31.4,,2.97,83.56,0.904
Sri Lanka,95949.0,608.0,0.59,1.66,1.0243376623376637,0.04416837527056281,,,,,,,,,,,,,,,,,1.0,19687.0,6072.408866995074,32812960.884266865,1.0,2465398.0,659874.8866995074,595640657133.2659,0.0,0.334,0.03215942028985506,0.0013740084219391515,3.0,825.0,88.21770573566089,13062.861960723187,925242.0,,925242.0,21413250.0,34.1,10.069,5.331,11669.077,197.093,10.68,0.3,27.0,,3.6,76.98,0.782
Sudan,32932.0,2208.0,0.32,1.88,1.045266106442576,0.10553511157271894,,,,,,,,,,,,,,,,,,,,,,,,,,,,,,,,,100010.0,,100010.0,43849269.0,19.7,3.548,2.034,4466.507,431.388,15.67,,,23.437,0.8,65.31,0.51
Suriname,9458.0,185.0,0.55,2.05,1.0290353697749204,0.10663777616429826,,,,,,,,,,,,,,,,,,,,,,,,,,,,,,,,,33640.0,,33640.0,586634.0,29.6,6.933,4.229,13767.119,258.314,12.54,7.4,42.9,67.779,3.1,71.68,0.738
Sweden,892480.0,13761.0,0.62,2.41,1.2203970223325062,0.09292272755330055,0.0,551.0,199.14143920595532,23853.828203893707,1.0,3005.0,1228.3275434243176,778380.5441897217,2.934,278.699,103.81092982456141,6177.9923878164145,,,,,7566.0,48560.0,27958.30769230769,143373018.9785069,,,,,0.007,0.247,0.08622846441947565,0.0030832370814677158,4.0,150.2,25.08314606741575,813.6593013432472,1603903.0,638556.0,2242459.0,10099270.0,41.0,19.985,13.433,46949.283,133.982,4.79,18.8,18.9,,2.22,82.8,0.945
Switzerland,630194.0,10498.0,0.46,3.1,1.1493811881188107,0.22036810247401906,,,,,,,,,,,,,,,,,1529.0,57584.0,18656.7125382263,150948448.61036384,2512.0,6100745.0,2209646.5259938836,3479245056857.0054,0.004,0.271,0.08182262996941889,0.005406336541528302,3.7,250.0,37.91865443425073,2720.1215221102807,1121455.0,686248.0,1807703.0,8654618.0,43.1,18.436,12.644,57410.166,99.739,5.59,22.6,28.9,,4.53,83.78,0.955
Syria,20713.0,1414.0,0.23,1.56,1.0507739938080498,0.054117722054496845,,,,,,,,,,,,,,,,,,,,,,,,,,,,,,,,,2500.0,,2500.0,17500657.0,21.7,,2.577,,376.264,,,,70.598,1.5,72.7,0.567
Taiwan,1068.0,11.0,0.17,1.23,0.7941432225063932,0.11102227687061442,,,,,,,,,,,,,,,,,1.0,3244.0,435.5208791208791,151885.14438689064,4.0,198162.0,92116.43516483516,2801355676.5767345,0.0,0.028,0.005112612612612593,2.1097899253655435e-05,36.1,3895.1,378.39338061465725,157840.85753901818,27113.0,,27113.0,23816775.0,42.2,,8.353,,103.957,,,,,,80.46,
Tajikistan,13308.0,90.0,-0.0,2.79,0.7204927536231891,0.26831167509268616,,,,,,,,,,,,,,,,,,,,,,,,,,,,,,,,,,,,9537642.0,23.3,3.466,2.155,2896.913,427.698,7.11,,,72.704,4.8,71.1,0.668
Tanzania,509.0,21.0,0.0,1.11,0.031108033240997226,0.019180991074176708,,,,,,,,,,,,,,,,,,,,,,,,,,,,,,,,,,,,59734213.0,17.7,3.108,1.874,2683.304,217.288,5.75,3.3,26.7,47.953,0.7,65.46,0.529
Thailand,37453.0,97.0,0.45,2.31,1.0604060913705577,0.12856115782539623,,,,,,,,,,,,,,,,,1.0,36098.0,7332.078947368421,50752661.31683056,2.0,3343428.0,1030320.1622807018,868429104078.0475,0.001,0.286,0.01946799116997791,0.0015885813846724882,3.5,1000.0,318.34061810154583,102842.03308103298,510456.0,75576.0,586032.0,69799978.0,40.1,11.373,6.89,16277.671,109.861,7.04,1.9,38.8,90.67,2.1,77.15,0.777
Timor,1138.0,2.0,0.27,1.81,1.1283606557377048,0.2810239344262294,,,,,,,,,,,,,,,,,,,,,,,,,,,,,,,,,,,,1318442.0,18.0,3.556,1.897,6570.102,335.346,6.86,6.3,78.1,28.178,5.9,69.5,0.606
Togo,12214.0,117.0,0.97,1.14,1.076131805157594,0.0017364308533412277,,,,,,,,,,,,,,,,,1.0,2132.0,735.8009950248756,200821.34184439402,2.0,295792.0,108111.16417910448,8094425872.8458,0.0,0.137,0.035284289276807934,0.0008398789775561098,7.3,265.0,46.493147208121805,1315.865932563518,100000.0,,100000.0,8278737.0,19.4,2.839,1.525,1429.813,280.033,6.15,0.9,14.2,10.475,0.7,61.04,0.515
Trinidad and Tobago,8678.0,150.0,-0.01,2.3,0.8509090909090911,0.33460399707531124,,,,,,,,,,,,,,,,,1.0,30892.0,347.6163141993958,2996776.5220360714,1733.0,119034.0,42894.35398230088,1401862297.5015454,0.0,0.496,0.10648672566371678,0.01631319730847776,2.0,281.1,39.78415841584159,2605.628026358928,11686.0,,11686.0,1399491.0,36.2,10.014,5.819,28763.071,228.467,10.97,,,89.443,3.0,73.51,0.796
Tunisia,279376.0,9553.0,0.49,1.64,1.0892987012987019,0.08179820481601732,,,,,,,,,,,,,,,,,5238.0,8051.0,6320.692307692308,830544.230769231,1109826.0,1191995.0,1150704.142857143,740248872.5934052,0.245,0.273,0.25612500000000005,8.469642857142863e-05,3.7,4.1,3.9125,0.018392857142857117,174534.0,8491.0,183025.0,11818618.0,32.7,8.001,5.075,10849.297,318.991,8.52,1.1,65.8,78.687,2.3,76.7,0.74
Turkey,4086957.0,35031.0,0.32,5.16,1.1340769230769245,0.3497054439390947,,,,,,,,,,,,,,,,,7533.0,318217.0,111137.22597402598,4558050630.539951,47823.0,42828122.0,14802223.012987014,162590811721157.9,0.013,0.191,0.059542328042328,0.0025014000603483365,5.2,77.8,32.43465608465607,509.3483713668193,11708135.0,7737134.0,19445269.0,84339067.0,31.6,8.153,5.061,25129.341,171.285,12.13,14.1,41.1,,2.81,77.69,0.82
Turks and Caicos Islands,,,,,,,,,,,,,,,,,,,,,,,,,,,,,,,,,,,,,,,14300.0,10000.0,24300.0,38718.0,,,,,,,,,,,80.22,
Uganda,41263.0,338.0,0.63,1.76,1.0537719298245605,0.05981300354993065,,,,,,,,,,,,,,,,,23.0,8223.0,2648.122950819672,1590123.8366727384,1510.0,976929.0,610749.1573033708,61876211512.76459,0.001,0.162,0.04681249999999999,0.0017927661149825793,6.2,1251.7,91.81423611111103,23857.96777572106,206708.0,,206708.0,45741000.0,16.4,2.168,1.308,1697.707,213.333,2.5,3.4,16.7,21.222,0.5,63.37,0.544
Ukraine,1956454.0,40389.0,0.79,2.57,1.1290104166666672,0.05658752991731946,,,,,,,,,,,,,,,,,2914.0,84054.0,23932.354581673306,246679592.6217689,20608.0,8822097.0,3030222.2718120804,7097572658641.152,0.037,0.504,0.17812876712328765,0.009853914692157158,2.0,26.9,8.201369863013701,28.230245371067273,432815.0,5.0,432820.0,43733759.0,41.4,16.462,11.133,7894.393,539.849,7.11,13.5,47.4,,8.8,72.06,0.779
United Arab Emirates,491423.0,1545.0,0.78,2.22,1.0987723785166252,0.06440207882484068,,,,,,,,,,,,,,,,,75.0,266023.0,99880.90533980583,4728306226.163767,75.0,41150933.0,12843278.283980582,139400067772804.75,0.0,0.024,0.010566513761467873,3.507372666877571e-05,41.5,5951.0,256.9954128440367,364776.16839270364,3480415.0,2187849.0,9387344.0,9890400.0,34.0,1.144,0.526,67293.483,317.84,17.26,1.2,37.4,,1.2,77.97,0.89
United Kingdom,4396096.0,127438.0,0.5,3.33,1.1037100737100731,0.1819081226322606,60.0,4077.0,1270.2938005390836,1324184.8945290302,770.0,39249.0,11801.80585106383,103861260.72220571,,,,,694.0,28791.0,8430.777777777777,57252498.402515724,11896.0,1893830.0,345424.11315789475,110747171999.14554,155174.0,136363617.0,37010108.60789473,1356801597160808.2,0.002,0.3,0.04557640750670246,0.003273309334371123,3.3,577.9,87.43404825737262,9792.186391363251,32444439.0,8513864.0,40958303.0,67886004.0,40.8,18.517,12.527,39753.244,122.137,4.28,20.0,24.7,,2.54,81.32,0.932
United States,31495649.0,565289.0,0.73,3.67,1.1700987654320971,0.30987672289451174,7779.0,30028.0,15369.266159695817,48791766.37927034,25322.0,129800.0,61000.37642585552,1107896252.731809,,,,,21481.0,116374.0,55422.36842105263,945541117.4822193,372.0,2307390.0,965972.1100244499,340776008225.5489,372.0,395082593.0,145704988.46699268,1.6525213305421596e+16,0.038,0.199,0.07811910669975185,0.0014089012011900786,5.0,26.3,15.30843672456574,32.26719232621014,125822868.0,78498290.0,198317040.0,331002647.0,38.3,15.413,9.732,54225.446,151.089,10.79,19.1,24.6,,2.77,78.86,0.926
Uruguay,156499.0,1726.0,0.61,1.51,1.1120822622107973,0.03301189012270425,,,,,,,,,,,,,,,,,145.0,19414.0,3828.0580204778157,14352976.458950862,2926.0,1594213.0,391480.87009063445,164017570485.71945,0.0,0.268,0.04665251989389919,0.003196876276877928,3.7,2412.6,117.27055702917772,60907.721710593214,996581.0,253203.0,1249784.0,3473727.0,35.6,14.655,10.361,20551.409,160.708,6.93,14.0,19.9,,2.8,77.91,0.817
Uzbekistan,85730.0,634.0,0.76,1.67,1.0655118110236232,0.039067434728553646,,,,,,,,,,,,,,,,,,,,,,,,,,,,,,,,,256958.0,,256958.0,33469199.0,28.2,4.469,2.873,6253.104,724.417,7.57,1.3,24.7,,4.0,71.72,0.72
Vanuatu,3.0,,,,,,,,,,,,,,,,,,,,,,,,,,,,,,,,,,,,,,,,,307150.0,23.1,4.394,2.62,2921.909,546.3,12.02,2.8,34.5,25.209,,70.47,0.609
Vatican,27.0,,,,,,,,,,,,,,,,,,,,,,,,,,,,,,,,,,,,,,,,,809.0,,,,,,,,,,,75.12,
Venezuela,179365.0,1853.0,0.61,2.26,1.097545691906006,0.0586997197654231,,,,,,,,,,,,,,,,,,,,,,,,,,,,,,,,,250000.0,,250000.0,28435943.0,29.0,6.614,3.915,16745.022,204.85,6.47,,,,0.8,72.06,0.711
Vietnam,2758.0,35.0,0.22,1.91,0.8278552971576223,0.13021740905865503,,,,,,,,,,,,,,,,,10.0,92374.0,5753.293103448276,162909431.40381125,856.0,2482302.0,487795.8941176471,290181270135.04816,0.0,0.016,0.0014893617021276603,7.580243161094222e-06,63.0,44258.7,4957.93306451613,67907470.85784094,58037.0,,58037.0,97338583.0,32.6,7.15,4.718,6171.884,245.465,6.0,1.0,45.9,85.847,2.6,75.4,0.704
World,139076606.0,2985817.0,0.57,3.56,1.1641834451901552,0.16727550887330606,,,,,,,,,,,,,,,,,,,,,,,,,,,,,,,,,478106792.0,189647946.0,860454488.0,7794798729.0,30.9,8.696,5.355,15469.207,233.07,8.51,6.434,34.635,60.13,2.705,72.58,0.737
Yemen,5657.0,1097.0,0.36,1.83,0.9595195195195199,0.11291000940699741,,,,,,,,,,,,,,,,,,,,,,,,,,,,,,,,,,,,29825968.0,20.3,2.922,1.583,1479.147,495.003,5.35,7.6,29.2,49.542,0.7,66.12,0.47
Zambia,90532.0,1230.0,0.65,1.58,0.9833045977011484,0.04560259283182614,,,,,,,,,,,,,,,,,17.0,14995.0,3616.200564971751,10778288.574390624,33.0,1327186.0,400035.30623306235,180280668342.66406,0.0,0.301,0.06784974093264252,0.004618590350582062,3.3,545.5,48.96832460732979,3649.3130360308337,106.0,,106.0,18383956.0,17.7,2.48,1.542,3689.251,234.499,3.94,3.1,24.7,13.938,2.0,63.89,0.584
Zimbabwe,37422.0,1550.0,0.6,1.71,1.0775077881619948,0.07870376947040501,,,,,,,,,,,,,,,,,96.0,5055.0,1344.807121661721,1021704.3882824646,7808.0,462372.0,176032.2815249267,18602785130.614635,0.001,0.287,0.06338575667655787,0.0031886900346191913,3.5,1125.9,44.10326409495554,9682.12781669492,252932.0,32949.0,285881.0,14862927.0,19.6,2.822,1.882,1899.775,307.846,1.82,1.6,30.7,36.791,1.7,61.49,0.571
